SID,email,Surname,GivenName,MiddleInitial,Gender,UOS Code,Program,Enrolment Type,Attendance,Pretest
322843525,ydtd7245@bogus.com,Aarons,Alica,A,female,ELON3509,FASS,International,Full Time,35
371945072,xyzi6346@bogus.com,Adey,Natasha,W,female,ELON3509,FASS,HECS,Full Time,76
362879625,qdwn2013@bogus.com,Allum,Gabrielle,A,female,ELON3509,FEIT,HECS,Full Time,32
301193640,mqvl9105@bogus.com,Andronicus,Jai,C,male,ELON3509,FEIT,Local,Full Time,53
362636796,lpps9402@bogus.com,Annand,Ethan,E,male,ELON3509,FEIT,International,Part Time,73
311347869,mynz2350@bogus.com,Arabanoo,Joseph,A,male,ELON3509,FEIT,HECS,Full Time,4
395317785,ramv5362@bogus.com,Ardill,Hunter,I,male,ELON3509,FASS,International,Full Time,63
352021858,gzcu5132@bogus.com,Arscott,Makayla,T,female,ELON3509,FEIT,HECS,Full Time,77
366209764,obhf1764@bogus.com,Arthur,Oliver,S,male,ELON3509,SMED,HECS,Full Time,1
390115143,whua6822@bogus.com,Ashby,Luca,C,male,ELON3509,FSCI,International,Full Time,67
316997921,izsq6221@bogus.com,Aunger,Laura,J,female,ELON3509,SMED,HECS,Full Time,40
362880908,mvek7715@bogus.com,Babbidge,Brianna,J,female,ELON3509,SMED,HECS,Full Time,98
300874919,xbkj8997@bogus.com,Bainton,Ellie,N,female,ELON3509,FSCI,HECS,Part Time,32
351643093,ykei1427@bogus.com,Baldessin,Abbey,G,female,ELON3509,FASS,HECS,Full Time,62
320830150,viuk6562@bogus.com,Balfe,Tyler,G,male,ELON3509,FSCI,International,Full Time,82
361398731,ikxw2632@bogus.com,Bannister,Brayden,C,male,ELON3509,FEIT,International,Part Time,34
397530334,qydx8635@bogus.com,Barff,Erin,A,female,ELON3509,FSCI,HECS,Full Time,80
355627475,afqd2069@bogus.com,Baylee,Anthony,L,male,ELON3509,FSCI,HECS,Full Time,4
395008714,smmb7292@bogus.com,Beach,Tahlia,R,female,ELON3509,FSCI,Local,Full Time,10
352717868,deso8187@bogus.com,Beeby,Callum,B,male,ELON3509,FEIT,HECS,Full Time,87
394589352,sgif8648@bogus.com,Belcher,Mackenzie,J,female,ELON3509,SMED,International,Full Time,32
351106233,oirx9268@bogus.com,Benstead,Caleb,E,male,ELON3509,FSCI,HECS,Full Time,2
324775672,sdwf2937@bogus.com,Blacklow,Brianna,B,female,ELON3509,SMED,HECS,Full Time,64
359936485,cudy8091@bogus.com,Bosch,Aidan,B,male,ELON3509,FEIT,International,Full Time,15
388434168,ijjl9090@bogus.com,Bowen,Zara,R,female,ELON3509,FASS,HECS,Full Time,74
383530460,tapk4544@bogus.com,Bracy,Stephanie,M,female,ELON3509,FASS,International,Full Time,28
336275645,ahhf8149@bogus.com,Bray,Phoebe,C,female,ELON3509,SMED,HECS,Full Time,9
376434716,thcy7615@bogus.com,Brock,Scarlett,A,female,ELON3509,FSCI,International,Full Time,73
386719553,futy6021@bogus.com,Buggy,Bella,K,female,ELON3509,FSCI,HECS,Part Time,78
377877923,hkfo5474@bogus.com,Bunny,Brayden,B,male,ELON3509,FEIT,International,Full Time,28
320834111,anrd9381@bogus.com,Burke,Abby,B,female,ELON3509,SMED,International,Full Time,4
345171616,xucy4880@bogus.com,Cannan,Lily,J,female,ELON3509,FASS,HECS,Full Time,52
369056671,homk4487@bogus.com,Challinor,Aaron,J,male,ELON3509,SMED,HECS,Full Time,63
336534413,abpz4394@bogus.com,Chang,Chow,C,female,ELON3509,SMED,International,Full Time,87
320264344,todd6458@bogus.com,Chang,Jiao,S,female,ELON3509,FEIT,International,Full Time,61
386943298,kznq6264@bogus.com,Chang,Lian,M,female,ELON3509,FASS,HECS,Part Time,39
345294497,fjpz7122@bogus.com,Chao,Yi Jie,K,female,ELON3509,FEIT,HECS,Full Time,97
382466249,kmaj7973@bogus.com,Chao,Li Na,F,female,ELON3509,FEIT,HECS,Full Time,60
344829895,wzft6457@bogus.com,Chao,Bao,D,male,ELON3509,FEIT,Local,Part Time,27
359392829,ysqt4818@bogus.com,Chao,Yuan,Q,female,ELON3509,FSCI,HECS,Full Time,72
347974564,bgcc1924@bogus.com,Chao,Li Qin,S,female,ELON3509,FSCI,HECS,Full Time,78
330625608,jeng1629@bogus.com,Chao,Yi,S,female,ELON3509,FEIT,Local,Full Time,89
300338811,vgjy9215@bogus.com,Chao,Shan,L,female,ELON3509,FSCI,Local,Full Time,31
358661964,schz7792@bogus.com,Chen,Qian,S,female,ELON3509,FEIT,International,Part Time,21
335319678,awah1260@bogus.com,Chen,Sheng,L,male,ELON3509,FSCI,HECS,Full Time,59
326091177,zubf4711@bogus.com,Chen,Hui Ying,P,female,ELON3509,SMED,Local,Full Time,85
387534083,equj8510@bogus.com,Cheng,Xiao Chen,Y,female,ELON3509,FEIT,HECS,Full Time,32
393239125,huwk6748@bogus.com,Chia,You,L,male,ELON3509,FEIT,HECS,Full Time,80
395491154,bzbu3935@bogus.com,Chia,Sun,F,male,ELON3509,FEIT,International,Full Time,64
353424637,sufd4890@bogus.com,Chia,Cai,G,female,ELON3509,FEIT,HECS,Full Time,7
356649617,jzjd5647@bogus.com,Chiang,Long,Q,male,ELON3509,SMED,HECS,Full Time,16
374721725,arrx7749@bogus.com,Chiang,Dan,H,female,ELON3509,FSCI,Local,Full Time,84
311149133,jwlu7043@bogus.com,Chiang,Shing,Y,male,ELON3509,SMED,HECS,Full Time,50
325406506,yzqg7510@bogus.com,Chidley,Abigail,M,female,ELON3509,FASS,HECS,Full Time,6
308196625,ceja6532@bogus.com,Chien,An,Y,male,ELON3509,FASS,International,Full Time,64
319755851,xady8203@bogus.com,Chien,Jin,Y,male,ELON3509,SMED,International,Full Time,3
358320296,upjw3838@bogus.com,Chien,Feng,F,male,ELON3509,FSCI,HECS,Full Time,47
363581197,cnxl2946@bogus.com,Chien,An,S,male,ELON3509,SMED,International,Part Time,47
384120798,tlpy7432@bogus.com,Chien,Chan Juan,Y,female,ELON3509,FEIT,HECS,Full Time,55
319786139,wmpt9464@bogus.com,Chien,Wen,D,male,ELON3509,FASS,HECS,Full Time,98
383405867,jitm4517@bogus.com,Chien,Shuang,S,female,ELON3509,SMED,International,Full Time,7
321425172,jbal4180@bogus.com,Chien,Li Wei,S,female,ELON3509,SMED,International,Full Time,22
340597167,foap2996@bogus.com,Chien,Ho,X,male,ELON3509,SMED,HECS,Full Time,36
339449881,bqtq4437@bogus.com,Chien,Na,Y,female,ELON3509,FEIT,HECS,Full Time,92
361895265,nhks8929@bogus.com,Chien,Chan Juan,A,female,ELON3509,FASS,International,Full Time,78
360883676,unkq4448@bogus.com,Chien,Chung,L,male,ELON3509,FEIT,HECS,Full Time,66
314296537,wdvr9630@bogus.com,Childers,Ethan,E,male,ELON3509,FASS,International,Full Time,31
378439037,ldnl1601@bogus.com,Chin,Qiao,S,female,ELON3509,FASS,International,Full Time,49
315017142,vxpl4750@bogus.com,Chin,Li Na,W,female,ELON3509,SMED,HECS,Full Time,93
381025641,lmud5451@bogus.com,Chin Kaw,Sebastian,C,male,ELON3509,FASS,HECS,Full Time,80
325761085,imzc4108@bogus.com,Chisholm,Michael,C,male,ELON3509,FSCI,International,Full Time,4
382189921,jtzw5740@bogus.com,Chiu,Jiao,P,female,ELON3509,SMED,HECS,Full Time,57
338287294,mcff5897@bogus.com,Chiu,Yi,G,female,ELON3509,SMED,International,Full Time,1
358129045,bbpj1606@bogus.com,Chiu,Wan,P,female,ELON3509,SMED,International,Full Time,15
394694330,qtzo2062@bogus.com,Chiu,Cong,M,male,ELON3509,FASS,HECS,Full Time,95
317664382,nqxc5666@bogus.com,Chou,Cui,J,female,ELON3509,FSCI,HECS,Full Time,21
309347060,yrje6623@bogus.com,Chu,Chi,Y,male,ELON3509,SMED,International,Full Time,23
337492136,pbxw9239@bogus.com,Chuang,Dong,F,male,ELON3509,FASS,Local,Part Time,33
397952384,kici3747@bogus.com,Chuang,Dong,Y,male,ELON3509,FASS,International,Full Time,90
341187832,fyso6201@bogus.com,Chuang,Ning,H,male,ELON3509,FSCI,HECS,Full Time,59
334259772,puoi7517@bogus.com,Chuang,Yong,R,male,ELON3509,SMED,HECS,Full Time,23
346918600,whmm2779@bogus.com,Chuang,Fen,C,female,ELON3509,FSCI,Local,Part Time,43
326285587,sjvk5689@bogus.com,Chuang,Xia,Y,female,ELON3509,FSCI,HECS,Full Time,23
366661480,izjz6212@bogus.com,Chung,Yun,D,female,ELON3509,SMED,International,Full Time,6
372972150,wppq5723@bogus.com,Chung,Lin Yao,G,female,ELON3509,FEIT,Local,Full Time,64
318458901,eang8107@bogus.com,Chung,Zhu,S,female,ELON3509,FSCI,HECS,Full Time,69
338794010,okhh4013@bogus.com,Chung,Ai,X,female,ELON3509,SMED,Local,Full Time,67
360836655,gvwt6218@bogus.com,Clancy,Levi,E,male,ELON3509,SMED,HECS,Full Time,87
325433059,iwff2000@bogus.com,Colechin,Jorja,H,female,ELON3509,FASS,HECS,Full Time,50
334887821,lqai1281@bogus.com,Connell,Brianna,Z,female,ELON3509,SMED,HECS,Full Time,3
341623299,wmge4305@bogus.com,Coppleson,Alexander,S,male,ELON3509,FSCI,HECS,Full Time,100
389675721,bodc5631@bogus.com,Cottee,Tyler,H,male,ELON3509,SMED,HECS,Full Time,37
385407681,aupc8783@bogus.com,Crisp,Jasper,M,male,ELON3509,FSCI,HECS,Full Time,44
374392795,dxsw9541@bogus.com,Crommelin,David,G,male,ELON3509,FSCI,HECS,Full Time,8
345441702,ownz4697@bogus.com,Crook,Hudson,M,male,ELON3509,FEIT,Local,Full Time,84
333153839,rdtu1396@bogus.com,Cumberlege,Jade,Z,female,ELON3509,FEIT,HECS,Full Time,54
336750522,zxwq7898@bogus.com,Dacomb,Luke,Z,male,ELON3509,FSCI,International,Full Time,70
320743906,qazk3407@bogus.com,Daly,Ashley,S,female,ELON3509,FASS,International,Full Time,38
323944697,qpqk3400@bogus.com,Day,Christian,B,male,ELON3509,FASS,HECS,Full Time,26
353125038,mqjf6366@bogus.com,De Gruchy,Sean,K,male,ELON3509,FSCI,Local,Full Time,72
315448453,gcdc3467@bogus.com,De Mestre,Hannah,B,female,ELON3509,SMED,HECS,Full Time,54
303381390,bkbj1220@bogus.com,Debenham,Harry,S,male,ELON3509,FASS,International,Full Time,14
338453843,wawz9164@bogus.com,Dellit,Milla,S,female,ELON3509,FEIT,International,Full Time,91
363393232,tccd1982@bogus.com,Denehy,Levi,A,male,ELON3509,SMED,International,Full Time,95
347236917,bjpy9429@bogus.com,Dixson,Cooper,L,male,ELON3509,FEIT,HECS,Full Time,76
363342000,nwqz5478@bogus.com,Dodery,Ava,B,female,ELON3509,FASS,International,Full Time,13
356713525,hejz7318@bogus.com,Dolling,Holly,O,female,ELON3509,FEIT,HECS,Full Time,58
366507035,vljd5443@bogus.com,Drew,Mary,C,female,ELON3509,FEIT,HECS,Full Time,53
315499512,aphf6150@bogus.com,Dymock,Sean,A,male,ELON3509,FSCI,HECS,Full Time,92
348678503,ftpw2609@bogus.com,Ebsworth,Madeline,D,female,ELON3509,FEIT,International,Full Time,2
370063666,rrbj2190@bogus.com,Edmund,Alicia,O,female,ELON3509,FASS,International,Full Time,98
387312898,vqgo2019@bogus.com,Elliott,Sophie,G,female,ELON3509,FASS,International,Full Time,87
393685083,aedu4855@bogus.com,Enticknap,Jorja,H,female,ELON3509,FEIT,International,Full Time,70
325650976,utln2640@bogus.com,Espie,Maya,J,female,ELON3509,FSCI,HECS,Full Time,64
395556240,gmhv5792@bogus.com,Ewart,Mackenzie,C,female,ELON3509,SMED,Local,Full Time,26
397844800,gbuj5651@bogus.com,Ewing,Timothy,E,male,ELON3509,FEIT,International,Full Time,67
335117676,spgv4105@bogus.com,Fan,Manchu,L,male,ELON3509,SMED,International,Full Time,92
364315661,qkmy5435@bogus.com,Fan,Kuan-Yin,G,male,ELON3509,FEIT,HECS,Full Time,1
309658704,mros9577@bogus.com,Fan,Wang,H,male,ELON3509,FEIT,International,Full Time,90
338101665,eayo9085@bogus.com,Fan,Huan Yue,G,female,ELON3509,FSCI,HECS,Full Time,53
373584511,ydax2112@bogus.com,Fang,Shen,C,male,ELON3509,SMED,HECS,Full Time,95
321616502,krsx6753@bogus.com,Fang,Sun,F,male,ELON3509,FASS,HECS,Full Time,24
338208762,izma7057@bogus.com,Fang,Lan,J,female,ELON3509,SMED,HECS,Full Time,32
382741506,yzij2082@bogus.com,Fang,Yuan,L,male,ELON3509,FASS,International,Full Time,29
377341321,rfdr7810@bogus.com,Fanny,Ryder,A,male,ELON3509,FSCI,International,Part Time,42
346244445,wavn5487@bogus.com,Farrow,Imogen,T,female,ELON3509,FASS,International,Full Time,92
312389236,jhzu3580@bogus.com,Feng,Xue Fang,C,female,ELON3509,FEIT,International,Full Time,72
390269008,sgdf7714@bogus.com,Feng,Lin,C,female,ELON3509,FEIT,HECS,Full Time,23
369564764,jkiz1908@bogus.com,Fetherston,Sean,K,male,ELON3509,FSCI,HECS,Full Time,41
393999446,clej8839@bogus.com,Fidler,Dylan,P,male,ELON3509,SMED,HECS,Full Time,44
328518976,oqsw1471@bogus.com,Finlay,Oscar,T,male,ELON3509,FSCI,International,Full Time,49
306470229,mdle7744@bogus.com,Fitchett,Samuel,E,male,ELON3509,FEIT,International,Full Time,91
381124298,abcw8083@bogus.com,Fosbery,Gabriella,E,female,ELON3509,FSCI,Local,Full Time,56
388101746,btnq7093@bogus.com,Fu,Ying,Q,female,ELON3509,FSCI,HECS,Full Time,70
391129912,swga7271@bogus.com,Gartrell,Kiara,T,female,ELON3509,FSCI,HECS,Full Time,26
349891359,qgcb3586@bogus.com,Geils,Keira,T,female,ELON3509,FEIT,HECS,Full Time,51
309288966,ypnj7019@bogus.com,Gellatly,Eve,H,female,ELON3509,FASS,Local,Full Time,80
396913155,eswv4528@bogus.com,Gentile,Brodie,L,male,ELON3509,FSCI,Local,Full Time,64
382816962,uioi9297@bogus.com,Glenelg,Xavier,M,male,ELON3509,FASS,International,Full Time,65
338372824,xkti7364@bogus.com,Gorman,Jake,E,male,ELON3509,SMED,HECS,Full Time,74
347761499,sysr5086@bogus.com,Grenda,Justin,A,male,ELON3509,FEIT,International,Full Time,78
338064278,susr3186@bogus.com,Grimshaw,Jorja,J,female,ELON3509,SMED,International,Full Time,83
381304143,sozq3345@bogus.com,Groom,Samantha,W,female,ELON3509,FASS,Local,Full Time,55
371397438,sgzr1762@bogus.com,Gyles,Matthew,L,male,ELON3509,FSCI,HECS,Full Time,88
390427164,fvyc1223@bogus.com,Hackett,Hayden,E,male,ELON3509,FEIT,HECS,Full Time,2
389398040,ocbe3461@bogus.com,Hague,Joel,K,male,ELON3509,SMED,Local,Full Time,19
399739378,ifsr7062@bogus.com,Halford,Elizabeth,J,female,ELON3509,FEIT,HECS,Full Time,13
330893522,cmnq5204@bogus.com,Han,Zhen Juan,B,female,ELON3509,SMED,HECS,Full Time,34
352708987,qevv1561@bogus.com,Hao,Meng,X,male,ELON3509,SMED,International,Full Time,5
306222554,zvza6671@bogus.com,Hao,Cui,C,female,ELON3509,FASS,HECS,Full Time,85
319057434,iskp8214@bogus.com,Harington,Justin,P,male,ELON3509,FSCI,International,Full Time,2
380491074,qifn5958@bogus.com,Harricks,Riley,I,male,ELON3509,FEIT,International,Full Time,26
365002344,rfan7320@bogus.com,Hawken,Kayla,A,female,ELON3509,SMED,Local,Part Time,67
349232037,xymd3961@bogus.com,Haynes,Gemma,M,female,ELON3509,FASS,HECS,Full Time,81
331665564,uplh8338@bogus.com,Hayter,Jett,S,male,ELON3509,FEIT,International,Full Time,12
357421614,zycd7896@bogus.com,He,Li Wei,C,female,ELON3509,FASS,HECS,Full Time,87
387429271,ymby4362@bogus.com,He,Lili,W,female,ELON3509,FASS,HECS,Full Time,0
384107074,ehwt3849@bogus.com,He,On,M,male,ELON3509,FEIT,HECS,Part Time,57
366338610,qpsw4478@bogus.com,He,Genji,H,female,ELON3509,FEIT,Local,Full Time,32
333306652,yuon3964@bogus.com,Heales,Levi,M,male,ELON3509,FEIT,HECS,Full Time,82
316265454,gqmm8434@bogus.com,Heydon,Anna,C,female,ELON3509,FASS,International,Full Time,12
345448513,dxqz4064@bogus.com,Hincks,Jade,O,female,ELON3509,SMED,International,Full Time,71
335714388,aujl4590@bogus.com,Ho,Xin Qian,S,female,ELON3509,FEIT,Local,Full Time,31
397835878,bofd1478@bogus.com,Ho,Chang,Y,female,ELON3509,SMED,HECS,Full Time,83
337926410,bjkr3542@bogus.com,Ho,Wu,L,male,ELON3509,FEIT,International,Full Time,35
343046362,gwcs5926@bogus.com,Holman,Eliza,T,female,ELON3509,FEIT,International,Full Time,17
337450380,lyga8847@bogus.com,Hordern,Zoe,D,female,ELON3509,SMED,HECS,Full Time,40
370160398,xpgu7748@bogus.com,Hose,Archie,S,male,ELON3509,FASS,International,Full Time,17
381593803,ovfz8385@bogus.com,Hou,Lian,S,female,ELON3509,FSCI,International,Full Time,82
330794979,tuew8714@bogus.com,Houlding,Alicia,S,female,ELON3509,SMED,HECS,Full Time,70
319549896,ysvh2103@bogus.com,Hoy,Zachary,K,male,ELON3509,FEIT,HECS,Full Time,36
395670677,hcpk5910@bogus.com,Hsia,Park,H,male,ELON3509,FSCI,International,Full Time,27
311126803,osyn8654@bogus.com,Hsia,Manchu,B,male,ELON3509,SMED,Local,Full Time,81
362350209,okib4434@bogus.com,Hsiao,Kang,R,male,ELON3509,SMED,International,Full Time,9
394964614,nptv2362@bogus.com,Hsieh,Fang,Q,female,ELON3509,FASS,Local,Full Time,18
335479057,dzeu7747@bogus.com,Hsing,Shuang,C,female,ELON3509,FASS,Local,Full Time,37
335915494,pqge2995@bogus.com,Hsing,Yi,Y,male,ELON3509,FASS,HECS,Full Time,95
339142200,tapy5733@bogus.com,Hsing,Manchu,Z,male,ELON3509,FASS,HECS,Full Time,70
320411944,hrju2464@bogus.com,Hsing,Peng,J,male,ELON3509,SMED,International,Full Time,15
326805791,hmvg7824@bogus.com,Hsing,Wang,S,male,ELON3509,SMED,HECS,Full Time,28
339638423,kebe9138@bogus.com,Hsiung,Wen,L,male,ELON3509,FSCI,HECS,Full Time,14
316852829,qjgz8388@bogus.com,Hsu,Wu,L,male,ELON3509,FEIT,HECS,Full Time,86
339054839,egwm4405@bogus.com,Hsu,Wei,N,male,ELON3509,FASS,International,Full Time,99
365882030,zugb3444@bogus.com,Hsu,Zhen,Z,male,ELON3509,FASS,International,Full Time,62
349884782,stzp4007@bogus.com,Hsu,Heng,W,female,ELON3509,FASS,HECS,Full Time,17
314136978,bsjf2041@bogus.com,Hsu,Wen,W,female,ELON3509,SMED,Local,Full Time,17
338048013,yjgn1754@bogus.com,Hsu,Shu Fang,W,female,ELON3509,FEIT,International,Full Time,15
390726792,fghb7498@bogus.com,Hsu,An,L,male,ELON3509,FSCI,HECS,Full Time,38
352120815,yfqw9850@bogus.com,Hsueh,Ni,X,female,ELON3509,FASS,International,Full Time,74
352120481,cget7539@bogus.com,Hsueh,Xiang,M,female,ELON3509,FSCI,HECS,Full Time,97
373792502,enmr9413@bogus.com,Hu,Xiang,J,female,ELON3509,SMED,HECS,Full Time,45
328231495,ykpi2652@bogus.com,Hu,Xiao Chen,P,female,ELON3509,SMED,HECS,Full Time,6
345455761,cmnw8139@bogus.com,Hu,Gang,M,male,ELON3509,FASS,International,Part Time,91
330296526,fibd1892@bogus.com,Huang,Xia He,H,female,ELON3509,FSCI,International,Full Time,87
338426983,icty6345@bogus.com,Huang,Yul,H,male,ELON3509,SMED,International,Full Time,74
329416997,xeib3223@bogus.com,Huang,Xiu,Y,female,ELON3509,FASS,International,Full Time,18
300049404,zlva9398@bogus.com,Humphrey,Oscar,A,male,ELON3509,FEIT,International,Full Time,21
386061509,axem6505@bogus.com,Hung,Zhi,O,female,ELON3509,SMED,HECS,Part Time,28
339523115,kfvh6000@bogus.com,Hung,Lin,T,female,ELON3509,SMED,HECS,Full Time,51
352537110,xrpv8109@bogus.com,Huxley,Lily,L,female,ELON3509,FSCI,Local,Full Time,77
348903361,dhts9471@bogus.com,Iredale,Flynn,M,male,ELON3509,SMED,HECS,Full Time,25
370747435,ohoo8319@bogus.com,Isaacson,Gabrielle,J,female,ELON3509,FEIT,International,Full Time,67
323842760,uisz8131@bogus.com,Jen,Jie,M,male,ELON3509,FSCI,International,Full Time,96
363968240,vthq7893@bogus.com,Jen,You,Y,male,ELON3509,FASS,HECS,Full Time,30
324233551,uevv7851@bogus.com,Jen,Qing Yuan,L,female,ELON3509,SMED,HECS,Full Time,95
339402616,ewrz8788@bogus.com,Joyce,Alica,R,female,ELON3509,FEIT,HECS,Full Time,76
347986419,iqgy2845@bogus.com,Julius,Sienna,A,female,ELON3509,FASS,International,Full Time,18
336559984,hggl6209@bogus.com,Kang,Yuan,T,female,ELON3509,SMED,Local,Full Time,72
378809971,lnwt2693@bogus.com,Kang,Li,N,male,ELON3509,SMED,HECS,Full Time,84
323155555,wwze5427@bogus.com,Kang,Cheng,H,male,ELON3509,FASS,International,Full Time,44
334618654,kout2250@bogus.com,Kang,Xiao Hong,J,female,ELON3509,FEIT,HECS,Full Time,14
340979661,nosr4708@bogus.com,Kang,Shuang,D,female,ELON3509,FSCI,HECS,Part Time,80
331103749,grnn5597@bogus.com,Ke,Ye,X,male,ELON3509,FEIT,Local,Full Time,10
324494203,xvxb2086@bogus.com,Ke,Lixue,C,female,ELON3509,FEIT,HECS,Full Time,44
339809329,nyco9918@bogus.com,Ke,Hui Ying,B,female,ELON3509,SMED,HECS,Full Time,66
388963652,infe6232@bogus.com,Keane,Joel,M,male,ELON3509,FEIT,International,Full Time,61
390032817,efwd2474@bogus.com,Keaney,Thomas,E,male,ELON3509,FEIT,Local,Full Time,53
382422059,ijes8842@bogus.com,Keats,Jamie,K,male,ELON3509,FASS,Local,Full Time,0
383956897,kpuf1967@bogus.com,Keldie,Caleb,M,male,ELON3509,FASS,HECS,Full Time,61
361723448,gtfn5679@bogus.com,Kenny,Nathan,C,male,ELON3509,FEIT,Local,Full Time,51
383559736,qwfv8797@bogus.com,Kent,Anthony,T,male,ELON3509,FSCI,International,Full Time,48
365052499,slpq9124@bogus.com,Kieran,Angelina,C,female,ELON3509,FEIT,Local,Full Time,5
365317151,xjzo9736@bogus.com,Kilfoyle,Brodie,S,male,ELON3509,SMED,Local,Full Time,68
376476244,urhg7700@bogus.com,Kinchela,Tristan,A,male,ELON3509,FEIT,HECS,Full Time,55
390101486,rwet1337@bogus.com,Kirke,Benjamin,L,male,ELON3509,FSCI,HECS,Full Time,67
307032841,yltp4816@bogus.com,Korff,Holly,L,female,ELON3509,FEIT,Local,Full Time,58
395818899,udyn5552@bogus.com,Kung,Shu,L,female,ELON3509,FSCI,International,Full Time,66
390481232,tuok2729@bogus.com,Kung,Ning,J,male,ELON3509,FASS,HECS,Full Time,67
345984904,ulpb3819@bogus.com,Kuo,Cheng,Y,male,ELON3509,FASS,International,Full Time,16
351253979,itag5398@bogus.com,Kuo,Chan,J,female,ELON3509,SMED,International,Full Time,44
345123668,aihu7974@bogus.com,Kuo,Song,X,male,ELON3509,FASS,International,Full Time,52
303414763,qxvs6878@bogus.com,Kuo,Shen,L,male,ELON3509,FEIT,HECS,Full Time,35
375755306,dhhy6991@bogus.com,Lai,Yong,B,male,ELON3509,FSCI,HECS,Full Time,28
345254393,ctzv9048@bogus.com,Lai,Juan,L,female,ELON3509,FSCI,HECS,Full Time,40
375184460,olcm1310@bogus.com,Lai,Hui,M,female,ELON3509,FEIT,International,Full Time,68
392427700,vrle2212@bogus.com,Lai,Cong,Y,male,ELON3509,FASS,International,Full Time,19
376060969,gtxq7391@bogus.com,Lammon,Jasper,S,male,ELON3509,FASS,International,Full Time,87
374624200,xuqg1793@bogus.com,Larnach,Jordan,C,male,ELON3509,FASS,HECS,Full Time,82
340279691,flla4219@bogus.com,Lawry,Kate,E,female,ELON3509,FEIT,HECS,Full Time,15
343834446,tcmw3292@bogus.com,Leckie,Marcus,C,male,ELON3509,FSCI,International,Full Time,73
368262254,lgvq5224@bogus.com,Lei,Cong,L,male,ELON3509,FSCI,HECS,Full Time,42
315781544,cjxo2457@bogus.com,Lei,De,D,male,ELON3509,FSCI,HECS,Full Time,70
362982870,ocns1469@bogus.com,Lennox,Mia,E,female,ELON3509,FEIT,International,Full Time,13
357306806,eggh1736@bogus.com,Lesina,Bella,J,female,ELON3509,SMED,Local,Full Time,63
335339701,gurf5786@bogus.com,Lestrange,Spencer,M,male,ELON3509,FASS,Local,Full Time,42
347952555,jnbs6171@bogus.com,Li,Li Wei,D,female,ELON3509,FASS,HECS,Full Time,83
338102854,zrnq4214@bogus.com,Li,Wan,C,female,ELON3509,FSCI,HECS,Full Time,72
380771227,onad2878@bogus.com,Li,Dan,S,female,ELON3509,FSCI,International,Part Time,52
325929550,lrmw6579@bogus.com,Liang,Yue Ying,C,female,ELON3509,FSCI,HECS,Full Time,4
340893132,nkxm1160@bogus.com,Liang,Yue You,C,female,ELON3509,FEIT,HECS,Full Time,33
323493650,xmrt8059@bogus.com,Liao,Tain,M,male,ELON3509,SMED,Local,Full Time,72
344870275,tntg9766@bogus.com,Lin,Bao,W,female,ELON3509,FSCI,Local,Part Time,61
358599390,zmft3879@bogus.com,Lin,Chung,D,male,ELON3509,FSCI,HECS,Full Time,54
332382730,iqvz5652@bogus.com,Lin,Yong,F,male,ELON3509,SMED,International,Full Time,11
369023682,xzbt8925@bogus.com,Liu,Qiong,C,female,ELON3509,FSCI,HECS,Full Time,78
372420690,rxet9563@bogus.com,Lo,Yu,L,female,ELON3509,SMED,HECS,Full Time,25
309617475,nswz2038@bogus.com,Lo,Bao,C,female,ELON3509,FEIT,International,Full Time,29
329701640,rbjq6992@bogus.com,Loewe,Jesse,A,male,ELON3509,FEIT,International,Full Time,42
311832878,hxcl9117@bogus.com,Longman,Angus,N,male,ELON3509,FASS,Local,Full Time,9
393827720,fowv3487@bogus.com,Longmore,Gabriella,J,female,ELON3509,FSCI,Local,Full Time,14
302984050,cjva6594@bogus.com,Lowerson,Alannah,B,female,ELON3509,FEIT,HECS,Full Time,68
347305248,oitf8242@bogus.com,Lu,Yul,X,male,ELON3509,SMED,Local,Full Time,35
324292781,sxdx6872@bogus.com,Lu,Yue Wan,Z,female,ELON3509,FSCI,Local,Full Time,23
377125153,hqnq3683@bogus.com,Lu,Hu,Z,male,ELON3509,FEIT,HECS,Full Time,100
335452286,pcwn5625@bogus.com,Lu,Huan Yue,H,female,ELON3509,FSCI,HECS,Full Time,25
319046287,arlq6393@bogus.com,Lu,Shen,C,male,ELON3509,FASS,HECS,Full Time,53
358488994,ddmn9802@bogus.com,Lu,Kong,Y,male,ELON3509,FEIT,Local,Full Time,62
393198733,hdbk5657@bogus.com,Lu,Ting,K,female,ELON3509,FASS,HECS,Full Time,64
326415718,akim7430@bogus.com,Lu,Yuan,W,female,ELON3509,SMED,HECS,Full Time,82
356742145,yuov8897@bogus.com,Lu,Shuang,S,female,ELON3509,FSCI,HECS,Full Time,10
387022890,lhcs8985@bogus.com,Lung,Yi,Z,female,ELON3509,FASS,International,Full Time,8
387770660,cwmf7694@bogus.com,Lung,Yul,M,male,ELON3509,FASS,HECS,Full Time,54
315564838,ejvi4915@bogus.com,Ma,Wen,D,male,ELON3509,FASS,Local,Full Time,78
393379196,dwnu9645@bogus.com,MacDonnell,Harrison,A,male,ELON3509,FASS,Local,Full Time,84
356812734,iegh9982@bogus.com,Macdermott,Rose,M,female,ELON3509,SMED,Local,Full Time,73
331618940,zmfa1292@bogus.com,Macdougall,Julian,K,male,ELON3509,SMED,HECS,Full Time,35
306454038,xobo3111@bogus.com,Maclurcan,Isla,J,female,ELON3509,FSCI,Local,Full Time,56
352989393,nsbm5183@bogus.com,Madgwick,Angelina,S,female,ELON3509,FEIT,International,Full Time,3
305820388,psnn9932@bogus.com,Magarey,Isabelle,J,female,ELON3509,FEIT,International,Full Time,37
317547296,ebdn7269@bogus.com,Magarey,Amelie,H,female,ELON3509,FEIT,HECS,Part Time,37
323335586,goyg5948@bogus.com,Mai,Shaiming,Y,male,ELON3509,FEIT,HECS,Full Time,37
306798598,umqu1990@bogus.com,Manchee,Kate,J,female,ELON3509,SMED,HECS,Full Time,74
331843131,ngdd6200@bogus.com,Mao,Zhen,X,female,ELON3509,FSCI,HECS,Full Time,54
334995656,iciu4095@bogus.com,Mao,Ju,K,female,ELON3509,FEIT,HECS,Full Time,27
373435015,wdcq7784@bogus.com,Marina,Samuel,M,male,ELON3509,FEIT,International,Full Time,50
372573460,vejt2549@bogus.com,Mault,Logan,V,male,ELON3509,FASS,HECS,Full Time,8
352218988,rkuc3054@bogus.com,Maum,Katie,D,female,ELON3509,FASS,International,Full Time,61
324315125,vkbi8280@bogus.com,Maxted,Alexandra,C,female,ELON3509,FEIT,HECS,Full Time,70
321141134,viyu7622@bogus.com,McBurney,Michael,B,male,ELON3509,FASS,HECS,Part Time,23
338259657,gfkw9760@bogus.com,McEachern,Amber,H,female,ELON3509,SMED,International,Full Time,36
371091708,rqpb2545@bogus.com,McLellan,Bethany,C,female,ELON3509,FEIT,HECS,Full Time,26
371083141,siiy7084@bogus.com,McWilliams,Mary,L,female,ELON3509,FSCI,Local,Full Time,63
346976770,twxp2274@bogus.com,Melocco,Annabelle,A,female,ELON3509,FASS,International,Full Time,84
368623201,jlgv2990@bogus.com,Meng,Zhen,Y,male,ELON3509,FEIT,HECS,Full Time,93
352005421,fhhq4778@bogus.com,Meng,Huan Yue,F,female,ELON3509,SMED,Local,Part Time,78
322922178,hwip6724@bogus.com,Meng,Dong,X,male,ELON3509,FASS,HECS,Full Time,3
318960786,xmim2527@bogus.com,Mennell,Abby,E,female,ELON3509,FASS,International,Full Time,27
302221812,bemm5981@bogus.com,Moses,Aaron,C,male,ELON3509,FSCI,Local,Full Time,83
373885657,tofr1747@bogus.com,Mountgarrett,Harry,S,male,ELON3509,FSCI,HECS,Part Time,21
370514883,sjpm9284@bogus.com,Moysey,Oliver,L,male,ELON3509,FSCI,HECS,Full Time,91
313804677,aayp3440@bogus.com,Muecke,Jeremy,Z,male,ELON3509,FEIT,HECS,Part Time,32
362774579,nlrn2600@bogus.com,Mueller,Matthew,G,male,ELON3509,SMED,International,Full Time,98
316299150,qyrj1625@bogus.com,Muriel,Gemma,H,female,ELON3509,FSCI,International,Part Time,35
301628632,fqrq2826@bogus.com,Neild,Callum,M,male,ELON3509,FSCI,HECS,Full Time,55
326014960,zrry6844@bogus.com,Neilson,Alica,J,female,ELON3509,FSCI,International,Full Time,33
365188843,kyrf2728@bogus.com,Newell,Noah,P,male,ELON3509,FEIT,HECS,Full Time,39
330474078,yzqm6779@bogus.com,Ni,Li Qin,K,female,ELON3509,FSCI,HECS,Full Time,89
385743998,igsj1190@bogus.com,Nicol,Charles,K,male,ELON3509,FEIT,HECS,Full Time,7
372942263,jlpg6998@bogus.com,Nielsen,Summer,H,female,ELON3509,SMED,HECS,Full Time,19
399632301,ocbp8535@bogus.com,Niland,Alex,R,male,ELON3509,FASS,International,Full Time,22
375091549,grgf4368@bogus.com,Niu,Hsin,Z,male,ELON3509,FASS,HECS,Full Time,31
334077233,vwpa9814@bogus.com,Niu,Jiang Li,J,female,ELON3509,FEIT,Local,Full Time,84
369750473,oemi3222@bogus.com,Niu,Wei,Z,male,ELON3509,FASS,HECS,Full Time,4
310345498,araf1247@bogus.com,Nutt,Hayden,S,male,ELON3509,SMED,International,Full Time,60
326586105,yfcl7383@bogus.com,O'Bryan,Rory,L,male,ELON3509,FEIT,International,Full Time,67
329669890,pgmy7263@bogus.com,O'Connell,Ashley,A,female,ELON3509,FEIT,HECS,Part Time,83
325864558,odri3094@bogus.com,O'Hara,Annabelle,O,female,ELON3509,SMED,HECS,Full Time,68
377988336,vcsk9388@bogus.com,O'Loughlin,Savannah,R,female,ELON3509,SMED,International,Full Time,60
303900966,uzxs2139@bogus.com,O'Neil,Zachary,B,male,ELON3509,FASS,International,Full Time,76
389780993,nirb7596@bogus.com,Olsen,Katie,L,female,ELON3509,FEIT,International,Full Time,89
337685383,zefy4844@bogus.com,Osburn,Tyler,E,male,ELON3509,FASS,International,Full Time,29
352024083,sceq7267@bogus.com,Outhwaite,Matthew,B,male,ELON3509,FSCI,HECS,Full Time,85
346207929,vxua7059@bogus.com,Pai,Yu,O,female,ELON3509,FSCI,HECS,Full Time,11
300887942,fedv5020@bogus.com,Pan,Li Na,Y,female,ELON3509,SMED,Local,Full Time,64
303172806,itxh7058@bogus.com,Pan,Sying,Z,male,ELON3509,FSCI,HECS,Full Time,9
374671869,jwlw8695@bogus.com,Pan,Kang,Y,male,ELON3509,FASS,HECS,Full Time,26
393082366,masz1022@bogus.com,Pan,Chi,Y,male,ELON3509,FSCI,HECS,Part Time,27
324929928,nuik5717@bogus.com,Pan,Fang,K,female,ELON3509,SMED,HECS,Part Time,24
308095161,rbcn4718@bogus.com,Parry,Marcus,B,male,ELON3509,FSCI,HECS,Full Time,72
309560964,xbke1082@bogus.com,Pawsey,Maya,S,female,ELON3509,FEIT,International,Full Time,47
307866778,zjlq4707@bogus.com,Payten,James,A,male,ELON3509,FEIT,HECS,Full Time,96
353675043,xzhc6142@bogus.com,Pelloe,Kiara,N,female,ELON3509,SMED,International,Part Time,9
354375944,lbnd8665@bogus.com,Pemulwuy,Archer,A,male,ELON3509,FASS,International,Full Time,60
306927447,uraa4991@bogus.com,Peng,Shing,M,male,ELON3509,FSCI,HECS,Full Time,96
322717692,omsa9628@bogus.com,Peng,Yan,G,female,ELON3509,SMED,International,Full Time,3
335632717,byxs4666@bogus.com,Peng,Ning,X,male,ELON3509,SMED,Local,Full Time,58
396363767,rcct9241@bogus.com,Peng,Jie,Y,male,ELON3509,SMED,HECS,Full Time,78
325594216,uhxf6651@bogus.com,Peng,Da-Xia,J,female,ELON3509,SMED,HECS,Full Time,30
372523204,nqtw6254@bogus.com,Peng,Shi,P,male,ELON3509,FASS,HECS,Full Time,92
329673153,dhvu9914@bogus.com,Peng,Kang,W,male,ELON3509,FEIT,HECS,Full Time,87
308196800,dfqw7920@bogus.com,Perrett,Marcus,I,male,ELON3509,FEIT,International,Full Time,27
368341745,lflq4188@bogus.com,Pigot,Mitchell,J,male,ELON3509,FSCI,Local,Full Time,42
334627031,fqhv2924@bogus.com,Pollock,Adam,Z,male,ELON3509,FASS,International,Part Time,95
365173919,xxof9800@bogus.com,Post,Eva,J,female,ELON3509,SMED,HECS,Full Time,31
304728804,afxg2760@bogus.com,Poynton,Kate,C,female,ELON3509,FSCI,HECS,Part Time,74
393104982,kciv6303@bogus.com,Pratt,Tyler,K,male,ELON3509,FASS,HECS,Full Time,84
338203365,yxbf9083@bogus.com,Prenzel,Blake,I,male,ELON3509,FASS,International,Full Time,26
329926933,gquu9946@bogus.com,Ratten,Lucas,E,male,ELON3509,FEIT,HECS,Full Time,90
379577371,abuy4861@bogus.com,Ratten,Skye,C,female,ELON3509,FASS,HECS,Part Time,2
306187565,zyjt4743@bogus.com,Rechner,Daniel,S,male,ELON3509,FEIT,Local,Full Time,20
339642536,zatd1883@bogus.com,Reid,Evie,T,female,ELON3509,FSCI,HECS,Full Time,86
347344906,mfzr5097@bogus.com,Resch,Lucy,T,female,ELON3509,SMED,International,Full Time,55
386049690,epfz4814@bogus.com,Richard,Leo,A,male,ELON3509,FEIT,HECS,Full Time,53
365459726,gqeu4850@bogus.com,Rickard,Tristan,M,male,ELON3509,FSCI,HECS,Full Time,95
372322674,xjdn9494@bogus.com,Riordan,Michael,A,male,ELON3509,FSCI,HECS,Full Time,76
300247007,mzru3525@bogus.com,Rumble,Jasmine,W,female,ELON3509,SMED,HECS,Full Time,12
301580988,wumb1993@bogus.com,Samson,Mariam,H,female,ELON3509,SMED,HECS,Full Time,38
318581432,sqqq3082@bogus.com,Scaddan,Samuel,A,male,ELON3509,SMED,International,Full Time,83
393653065,sfrw5444@bogus.com,Scarfe,Elizabeth,J,female,ELON3509,SMED,International,Full Time,0
350577860,exjy6253@bogus.com,Scullin,Daniel,I,male,ELON3509,FASS,International,Part Time,34
347611175,quso1253@bogus.com,Seiffert,Callum,L,male,ELON3509,FASS,HECS,Full Time,72
319391283,hgsj1593@bogus.com,Septimus,Maddison,T,female,ELON3509,FASS,HECS,Full Time,1
307270760,wujw9003@bogus.com,Shao,Tain,L,male,ELON3509,FEIT,HECS,Full Time,86
394743304,bhry2766@bogus.com,Shao,Tain,L,male,ELON3509,FEIT,HECS,Full Time,30
384929829,zivt7384@bogus.com,Shao,Lee,C,female,ELON3509,FEIT,International,Full Time,32
367095920,zsyw5178@bogus.com,Sheehy,Aaron,M,male,ELON3509,FEIT,HECS,Full Time,97
368136019,baez3697@bogus.com,Shen,Wu,D,male,ELON3509,FASS,International,Part Time,2
301325099,hloe3850@bogus.com,Shen,Ni,C,female,ELON3509,FASS,HECS,Full Time,2
304089320,jcud8675@bogus.com,Shen,Park,Q,female,ELON3509,SMED,HECS,Full Time,25
368049219,loas9362@bogus.com,Shen,Xiuxiu,T,female,ELON3509,FASS,International,Full Time,6
320167525,ymqn9624@bogus.com,Shen,Hu,L,male,ELON3509,SMED,HECS,Part Time,61
372896655,rdcd4216@bogus.com,Sherrard,Hayley,I,female,ELON3509,FSCI,International,Full Time,33
388656142,oiwk6871@bogus.com,Shih,Yue Wan,G,female,ELON3509,FSCI,HECS,Full Time,93
360594548,domg7734@bogus.com,Shih,Yi Jie,J,female,ELON3509,FASS,HECS,Full Time,80
383607598,vrdr8964@bogus.com,Siddins,Archer,A,male,ELON3509,FEIT,Local,Full Time,10
372219518,eprk9004@bogus.com,Simonds,Hayley,A,female,ELON3509,FSCI,International,Full Time,60
354681144,aebo9729@bogus.com,Snow,Aaron,S,male,ELON3509,FSCI,Local,Full Time,42
356744765,eskt1458@bogus.com,Sowden,Dominic,L,male,ELON3509,FASS,International,Full Time,54
338069401,rbfc4680@bogus.com,Stawell,Scarlett,C,female,ELON3509,FASS,International,Full Time,54
330993001,htjk8160@bogus.com,Steere,Matilda,G,female,ELON3509,SMED,International,Part Time,95
339901466,jazx8337@bogus.com,Stott,Abigail,L,female,ELON3509,FEIT,International,Full Time,12
336690774,oowj4102@bogus.com,Stuckey,Adam,M,male,ELON3509,FASS,International,Full Time,26
321086178,bzwr9752@bogus.com,Su,Dong,L,male,ELON3509,FSCI,HECS,Part Time,82
338891495,plix3897@bogus.com,Su,Chung,C,male,ELON3509,SMED,International,Full Time,71
363724455,lqkc3218@bogus.com,Suffolk,Jonathan,T,male,ELON3509,FEIT,HECS,Full Time,73
350755395,akfv7474@bogus.com,Sun,Lian,W,female,ELON3509,FSCI,HECS,Full Time,63
371870969,lfxg7835@bogus.com,Sun,Cheng,Q,male,ELON3509,SMED,HECS,Full Time,78
302971487,umdi7936@bogus.com,Sung,Xiong,D,male,ELON3509,FEIT,HECS,Full Time,56
355529972,dszv5076@bogus.com,Sung,Zi,H,female,ELON3509,FASS,HECS,Full Time,89
351830398,vloe1895@bogus.com,Sweet,Skye,J,female,ELON3509,FSCI,International,Full Time,71
331750299,uqhv1847@bogus.com,Tai,Gang,X,male,ELON3509,FEIT,HECS,Full Time,66
319434037,ngqk2281@bogus.com,Tai,Mee,Y,female,ELON3509,FASS,HECS,Full Time,91
311256260,nhqa3379@bogus.com,Tai,Ping,T,female,ELON3509,FASS,HECS,Full Time,46
366786859,sgue9607@bogus.com,Tan,Yuan,Y,male,ELON3509,FASS,International,Full Time,64
373406770,hrmb2730@bogus.com,Tan,Mingmei,G,female,ELON3509,FASS,Local,Full Time,68
392873067,rjsi7200@bogus.com,Tan,Sying,W,male,ELON3509,SMED,HECS,Full Time,95
371558694,dpch2165@bogus.com,Tan,De,N,male,ELON3509,SMED,Local,Full Time,94
303746256,wtnq9773@bogus.com,Tang,Shi,Z,male,ELON3509,SMED,HECS,Full Time,56
386925878,ufan2340@bogus.com,Tang,Qiang,S,male,ELON3509,FSCI,HECS,Part Time,55
374633326,tfqp5260@bogus.com,Tang,Kang,D,male,ELON3509,FSCI,HECS,Full Time,4
327165833,yotc4347@bogus.com,Tang,Yi,X,male,ELON3509,SMED,HECS,Full Time,37
365562053,bvpe2188@bogus.com,Tao,Chan Juan,S,female,ELON3509,SMED,HECS,Full Time,42
367554915,agne9405@bogus.com,Tao,Yun,F,female,ELON3509,FSCI,HECS,Full Time,68
375781721,cvhc6096@bogus.com,Tao,Wang,G,male,ELON3509,FASS,HECS,Full Time,47
378691715,dtji9717@bogus.com,Teng,Jian,Q,male,ELON3509,SMED,International,Full Time,40
314178095,sflw5943@bogus.com,Teng,Hua,S,female,ELON3509,FASS,HECS,Full Time,11
357274575,nvsk5906@bogus.com,Teng,Xiu,G,female,ELON3509,FEIT,HECS,Full Time,76
344648171,ktna9500@bogus.com,Tien,Yue Yan,P,female,ELON3509,SMED,Local,Full Time,47
369343265,qsvj4157@bogus.com,Tien,Park,Y,female,ELON3509,FSCI,International,Full Time,10
359924515,adwx6417@bogus.com,Tien,Dan,Y,female,ELON3509,FEIT,International,Full Time,65
304989923,dcwv2624@bogus.com,Tighe,Noah,P,male,ELON3509,FASS,International,Full Time,23
317099064,tixe9896@bogus.com,Ting,Long,S,male,ELON3509,FASS,International,Full Time,16
368003982,vivd3521@bogus.com,Ting,On,F,male,ELON3509,FSCI,HECS,Full Time,28
337155121,pvvn5862@bogus.com,Torode,William,S,male,ELON3509,SMED,Local,Part Time,34
371856638,yflb8852@bogus.com,Townson,Aidan,L,male,ELON3509,FASS,HECS,Full Time,54
355639725,wzvt7926@bogus.com,Trenwith,Dakota,L,female,ELON3509,FASS,HECS,Full Time,57
386332184,jduu7476@bogus.com,Trott,Ruby,L,female,ELON3509,FSCI,Local,Full Time,52
338352995,hrsy1500@bogus.com,Troup,Alexander,B,male,ELON3509,SMED,HECS,Full Time,20
341901143,shds7293@bogus.com,Truscott,Jeremy,Z,male,ELON3509,SMED,HECS,Part Time,33
368286150,ucgo6886@bogus.com,Tsai,Lee,X,male,ELON3509,SMED,HECS,Full Time,75
330031265,vprr1975@bogus.com,Tsao,Shu,Y,female,ELON3509,SMED,HECS,Full Time,15
355087550,ciym1877@bogus.com,Tsao,Guang,H,male,ELON3509,FSCI,International,Full Time,95
315056223,vmzc3795@bogus.com,Tsou,Zi,W,female,ELON3509,FSCI,International,Full Time,18
362566983,shqf2222@bogus.com,Tsui,Hsin,J,male,ELON3509,FASS,HECS,Full Time,77
394595351,kwpd5127@bogus.com,Tsui,Wen,H,male,ELON3509,FSCI,International,Full Time,89
324080548,jvon6480@bogus.com,Tsui,Juan,S,female,ELON3509,SMED,HECS,Full Time,70
346091671,cacm9701@bogus.com,Tsui,Park,Y,male,ELON3509,FSCI,International,Full Time,49
302933475,adul1287@bogus.com,Tu,Xiuxiu,M,female,ELON3509,FSCI,HECS,Full Time,29
352992337,nigo6987@bogus.com,Tuan,Jian,A,male,ELON3509,FEIT,International,Full Time,75
318327022,bgta9777@bogus.com,Tuan,Peng,Y,male,ELON3509,SMED,HECS,Full Time,97
351787279,yqag8861@bogus.com,Tuan,Donglu,D,female,ELON3509,FSCI,Local,Full Time,53
307162674,iszy7608@bogus.com,Tung,Guo,L,male,ELON3509,FSCI,HECS,Full Time,55
399652891,ftix6798@bogus.com,Tung,Hong,J,female,ELON3509,FASS,International,Full Time,96
343458100,uhgb6104@bogus.com,Tung,Mei,S,female,ELON3509,SMED,International,Full Time,53
375965262,bngp6375@bogus.com,Tung,Feng,S,female,ELON3509,FSCI,HECS,Full Time,98
302831749,lsjc6754@bogus.com,Tung,Ni,F,female,ELON3509,SMED,International,Full Time,93
328732091,ozdx4299@bogus.com,Tung,Shaiming,S,male,ELON3509,FASS,Local,Full Time,68
341847353,psiq7177@bogus.com,Tung,Li Ming,M,female,ELON3509,FEIT,HECS,Part Time,33
343392654,yrlo4650@bogus.com,Tung,Chung,H,male,ELON3509,SMED,International,Full Time,19
306294783,jxuy9320@bogus.com,Turner,Abigail,S,female,ELON3509,SMED,HECS,Full Time,3
364557802,vfug1977@bogus.com,Vallis,Maya,E,female,ELON3509,SMED,International,Full Time,20
346327780,vsro8502@bogus.com,Verbrugghen,John,A,male,ELON3509,SMED,Local,Full Time,9
303784148,hpiq8069@bogus.com,Verdon,Isla,E,female,ELON3509,FSCI,Local,Full Time,37
311144756,gcjv5829@bogus.com,Vida,Bailey,C,male,ELON3509,SMED,Local,Part Time,49
353750662,ofco1757@bogus.com,Viney,Anna,N,female,ELON3509,FASS,International,Full Time,3
396813495,qprr2871@bogus.com,Waller,Layla,O,female,ELON3509,FSCI,HECS,Part Time,60
313565282,zhqj9026@bogus.com,Wallis,Joshua,A,male,ELON3509,SMED,HECS,Full Time,88
319838087,tydf7015@bogus.com,Wan,Tain,L,male,ELON3509,FSCI,International,Full Time,83
314835730,xriv7497@bogus.com,Wan,Hui Ying,C,female,ELON3509,SMED,Local,Full Time,18
366888585,pzrg4784@bogus.com,Wan,Wen,L,male,ELON3509,FEIT,International,Full Time,71
377307755,ekhh9936@bogus.com,Wang,Qiang,X,male,ELON3509,FSCI,International,Full Time,79
362823545,rqzt7130@bogus.com,Wang,Qiang,S,male,ELON3509,FEIT,International,Full Time,38
358309342,gjoy7100@bogus.com,Wang,Guang,D,male,ELON3509,FASS,International,Full Time,65
326583725,pfmy7907@bogus.com,Wang,Jie,L,male,ELON3509,SMED,International,Full Time,61
375686733,uqdi2518@bogus.com,Wang,Lok,C,male,ELON3509,FASS,Local,Full Time,47
369428497,wzcw2862@bogus.com,Watson,Jacob,E,male,ELON3509,FSCI,Local,Full Time,63
332732693,wgyl8142@bogus.com,Wayn,Georgia,T,female,ELON3509,SMED,HECS,Full Time,67
383986559,lgep5016@bogus.com,Wei,Yi Min,M,female,ELON3509,FASS,International,Full Time,39
323439459,hwel2748@bogus.com,Wei,Wen,D,female,ELON3509,FEIT,HECS,Part Time,76
360909888,kekp1077@bogus.com,Weir,Sienna,A,female,ELON3509,FASS,HECS,Full Time,38
324929526,gxjf5561@bogus.com,Weld,Stella,C,female,ELON3509,FEIT,International,Full Time,78
377656762,ujfn4872@bogus.com,Wentworth,Poppy,B,female,ELON3509,SMED,Local,Part Time,39
314710798,ktou5809@bogus.com,Westacott,Zane,V,male,ELON3509,SMED,International,Full Time,29
384130178,ljds5495@bogus.com,Westall,Jasmine,M,female,ELON3509,FEIT,Local,Full Time,15
315500979,xbzt4735@bogus.com,Whiddon,Hannah,C,female,ELON3509,FSCI,International,Full Time,18
371287589,gvod5976@bogus.com,Whittingham,Lily,C,female,ELON3509,FSCI,Local,Full Time,55
320250819,ueki2661@bogus.com,Whittingham,Jamie,C,male,ELON3509,FASS,HECS,Full Time,30
363306701,mwdn5048@bogus.com,Wilkie,Austin,A,male,ELON3509,FASS,HECS,Full Time,66
338367446,riph9150@bogus.com,Willoughby,James,S,male,ELON3509,FEIT,International,Full Time,21
342063808,zxvb1333@bogus.com,Wilsmore,Elijah,D,male,ELON3509,FEIT,HECS,Full Time,87
364278565,dwhm6805@bogus.com,Winder,Ben,E,male,ELON3509,SMED,International,Full Time,58
384087855,rack3133@bogus.com,Worrall,Nate,A,male,ELON3509,FSCI,HECS,Full Time,73
342909546,tlrr2539@bogus.com,Wu,Donglu,Y,female,ELON3509,SMED,HECS,Full Time,20
365657705,gmgm8170@bogus.com,Wu,Ting,X,female,ELON3509,FSCI,HECS,Full Time,22
338468940,tbiu8361@bogus.com,Wyatt,Brock,A,male,ELON3509,FASS,International,Full Time,0
391664777,nnmi2236@bogus.com,Yang,Park,M,male,ELON3509,FSCI,HECS,Full Time,48
303150085,ubkz8437@bogus.com,Yao,Fai,X,male,ELON3509,FASS,International,Full Time,41
376145642,obul8767@bogus.com,Yao,Yue Ying,Y,female,ELON3509,FEIT,International,Full Time,64
363042345,nmwx5463@bogus.com,Yao,Yue You,C,female,ELON3509,FASS,International,Full Time,74
339976930,guyv6373@bogus.com,Yao,Jia Li,Y,female,ELON3509,FSCI,International,Part Time,48
364989077,dudh8154@bogus.com,Yao,Tao,L,male,ELON3509,FASS,HECS,Full Time,64
363199685,kkwp7086@bogus.com,Yeh,Ye,X,male,ELON3509,FSCI,International,Full Time,29
366631579,xksf9959@bogus.com,Yeh,Chi,P,male,ELON3509,FASS,International,Full Time,41
305952916,jraz5983@bogus.com,Yelverton,Rachel,L,female,ELON3509,FEIT,HECS,Full Time,86
354206252,eujx2720@bogus.com,Yin,Chan,C,female,ELON3509,FEIT,HECS,Full Time,42
396122419,gcai2531@bogus.com,Yin,Yi Min,L,female,ELON3509,SMED,International,Full Time,84
390818653,dqak6396@bogus.com,Yin,Wen,X,male,ELON3509,FASS,International,Full Time,15
389237182,tgxl8370@bogus.com,Yu,Yul,Q,male,ELON3509,SMED,HECS,Full Time,94
355706852,jzzy7257@bogus.com,Yu,Jie,F,male,ELON3509,FEIT,International,Full Time,9
371999198,njix7494@bogus.com,Yu,Yue Yan,N,female,ELON3509,FASS,International,Full Time,49
341447626,vdes9020@bogus.com,Yu,Mee,F,female,ELON3509,FEIT,HECS,Full Time,31
386278539,xkok7971@bogus.com,Yu,Wei,L,female,ELON3509,FEIT,International,Full Time,20
309690303,bgzy2219@bogus.com,Yuan,Shing,T,male,ELON3509,SMED,International,Full Time,50
327260545,ltgt8926@bogus.com,Yuan,Wu,M,male,ELON3509,SMED,HECS,Full Time,23
393914963,sfze2856@bogus.com,Yuan,Fai,H,male,ELON3509,FSCI,International,Full Time,30
334174243,vyir7272@bogus.com,Yuan,Chan,X,male,ELON3509,FEIT,International,Full Time,5
390513771,ipbk8272@bogus.com,Yuan,Xiong,S,male,ELON3509,FASS,International,Full Time,99
301871719,glpm2733@bogus.com,Yuan,Dong,C,male,ELON3509,FEIT,HECS,Full Time,4
300773633,kxvk9747@bogus.com,Yuan,Xiu Juan,M,female,ELON3509,FEIT,HECS,Full Time,67
341018836,kmgo5805@bogus.com,Zeal,Leah,J,female,ELON3509,FSCI,HECS,Full Time,60