Number,Gender,GivenName,MiddleInitial,Surname
1,female,Xiang,J,Hu
2,female,Bao,W,Lin
3,male,Yul,Q,Yu
4,female,"Xiao Chen",Y,Cheng
5,female,Maya,J,Espie
6,male,Lee,X,Tsai
7,male,You,L,Chia
8,male,An,Y,Chien
9,female,Ashley,A,O'Connell
10,male,Guo,L,Tung
11,female,Madeline,D,Ebsworth
12,male,Yul,X,Lu
13,male,Lucas,E,Ratten
14,male,Sean,A,Dymock
15,male,Dong,L,Su
16,male,Tyler,G,Balfe
17,male,Wu,L,Hsu
18,female,"Yi Jie",K,Chao
19,female,Mary,L,McWilliams
20,male,Marcus,I,Perrett
21,female,Brianna,J,Babbidge
22,female,"Yue Wan",Z,Lu
23,male,Levi,E,Clancy
24,female,Zhi,O,Hung
25,male,Qiang,X,Wang
26,male,Harry,S,Debenham
27,female,Rose,M,Macdermott
28,male,Jin,Y,Chien
29,male,Gang,X,Tai
30,male,Hsin,J,Tsui
31,male,Tain,L,Shao
32,female,Scarlett,A,Brock
33,male,Shing,T,Yuan
34,male,Jian,A,Tuan
35,male,Fai,X,Yao
36,male,Feng,F,Chien
37,female,Ruby,L,Trott
38,male,Manchu,L,Fan
39,male,Aaron,M,Sheehy
40,female,"Xin Qian",S,Ho
41,male,Wei,N,Hsu
42,male,Meng,X,Hao
43,female,Jorja,H,Colechin
44,female,Bethany,C,McLellan
45,female,Phoebe,C,Bray
46,male,Hu,Z,Lu
47,male,Peng,Y,Tuan
48,female,Shu,Y,Tsao
49,male,Daniel,S,Rechner
50,female,Summer,H,Nielsen
51,male,Long,Q,Chiang
52,female,Qian,S,Chen
53,male,Harry,S,Mountgarrett
54,female,Jiao,P,Chiu
55,male,Zhen,Y,Meng
56,male,Aaron,S,Snow
57,female,"Yue Ying",C,Liang
58,male,Anthony,L,Baylee
59,female,"Huan Yue",F,Meng
60,female,Rachel,L,Yelverton
61,male,Shing,M,Peng
62,male,Chung,D,Lin
63,female,"Xiao Chen",P,Hu
64,female,"Li Wei",C,He
65,male,Tain,L,Shao
66,male,Joel,K,Hague
67,female,Shuang,C,Hsing
68,male,Kang,R,Hsiao
69,male,Dong,F,Chuang
70,female,Stephanie,M,Bracy
71,male,Matthew,G,Mueller
72,female,"Li Na",F,Chao
73,male,Dong,Y,Chuang
74,female,Yi,G,Chiu
75,male,Angus,N,Longman
76,male,An,S,Chien
77,male,Zane,V,Westacott
78,male,Nathan,C,Kenny
79,female,Layla,O,Waller
80,male,Sun,F,Chia
81,male,Hayden,S,Nutt
82,female,Maya,S,Pawsey
83,male,Qiang,S,Wang
84,male,Caleb,E,Benstead
85,male,Sheng,L,Chen
86,male,Oscar,T,Finlay
87,male,John,A,Verbrugghen
88,male,Wen,H,Tsui
89,female,Hannah,B,"De Mestre"
90,female,Shu,L,Kung
91,female,"Chan Juan",Y,Chien
92,male,Jacob,E,Watson
93,female,"Yue Ying",Y,Yao
94,male,Long,S,Ting
95,male,Jie,F,Yu
96,female,Poppy,B,Wentworth
97,female,Ashley,S,Daly
98,female,Holly,O,Dolling
99,female,"Li Na",Y,Pan
100,male,Alexander,S,Coppleson
101,female,Anna,C,Heydon
102,male,Marcus,C,Leckie
103,male,Samuel,M,Marina
104,male,Callum,L,Seiffert
105,male,Zhen,Z,Hsu
106,female,Yi,Z,Lung
107,female,Qiao,S,Chin
108,female,Laura,J,Aunger
109,female,Dan,H,Chiang
110,female,Hayley,A,Simonds
111,male,Ning,H,Chuang
112,female,Juan,S,Tsui
113,male,Xiong,D,Sung
114,male,Adam,Z,Pollock
115,male,Harrison,A,MacDonnell
116,female,Imogen,T,Farrow
117,male,Shing,Y,Chiang
118,female,Katie,D,Maum
119,male,Tristan,A,Kinchela
120,male,Yul,M,Lung
121,male,Shen,C,Fang
122,male,Jai,C,Andronicus
123,female,Kayla,A,Hawken
124,female,Eve,H,Gellatly
125,male,Guang,D,Wang
126,female,Angelina,S,Madgwick
127,female,Matilda,G,Steere
128,female,Zoe,D,Hordern
129,male,Wu,D,Shen
130,male,Jian,Q,Teng
131,male,Callum,M,Neild
132,male,Ye,X,Yeh
133,male,Ethan,E,Annand
134,male,Benjamin,L,Kirke
135,female,Lili,W,He
136,male,Chi,P,Yeh
137,female,Hong,J,Tung
138,male,Yi,Y,Hsing
139,female,Makayla,T,Arscott
140,female,Bella,K,Buggy
141,female,"Yue You",C,Yao
142,female,"Jia Li",Y,Yao
143,male,Tyler,E,Osburn
144,female,Alexandra,C,Maxted
145,male,Dong,X,Meng
146,male,Yong,B,Lai
147,male,Tyler,K,Pratt
148,male,Tristan,M,Rickard
149,male,Ye,X,Ke
150,female,Yu,O,Pai
151,male,Sying,Z,Pan
152,female,Maddison,T,Septimus
153,male,Brock,A,Wyatt
154,male,Tain,L,Wan
155,female,Brianna,B,Blacklow
156,female,Jasmine,W,Rumble
157,male,Justin,A,Grenda
158,male,Noah,P,Newell
159,female,Juan,L,Lai
160,male,Guang,H,Tsao
161,female,Wan,P,Chiu
162,female,Ying,Q,Fu
163,female,Zara,R,Bowen
164,female,Heng,W,Hsu
165,male,Jonathan,T,Suffolk
166,male,Cong,L,Lei
167,female,Donglu,Y,Wu
168,female,Lin,T,Hung
169,female,Wen,W,Hsu
170,female,"Yue Yan",P,Tien
171,female,Annabelle,A,Melocco
172,male,Wen,D,Chien
173,female,Eliza,T,Holman
174,female,"Zhen Juan",B,Han
175,female,Kiara,T,Gartrell
176,male,Cheng,Y,Kuo
177,male,Aidan,B,Bosch
178,male,Ben,E,Winder
179,male,Shi,Z,Tang
180,male,Marcus,B,Parry
181,male,Bao,D,Chao
182,female,Shuang,S,Chien
183,female,"Yue Wan",G,Shih
184,female,Lian,S,Hou
185,female,Jorja,H,Enticknap
186,male,Manchu,Z,Hsing
187,female,Amber,H,McEachern
188,male,Wen,L,Hsiung
189,male,Michael,A,Riordan
190,male,Luke,Z,Dacomb
191,female,Yun,D,Chung
192,female,Evie,T,Reid
193,male,Riley,I,Harricks
194,female,Mariam,H,Samson
195,male,Spencer,M,Lestrange
196,male,Archie,S,Hose
197,male,Kang,Y,Pan
198,female,Elizabeth,J,Halford
199,female,"Yi Min",M,Wei
200,female,Chow,C,Chang
201,female,Mei,S,Tung
202,female,Isla,E,Verdon
203,female,"Shu Fang",W,Hsu
204,male,Yong,F,Lin
205,female,Alica,J,Neilson
206,female,Hua,S,Teng
207,female,"Li Wei",S,Chien
208,female,Milla,S,Dellit
209,male,Aidan,L,Townson
210,male,Chung,C,Su
211,female,"Huan Yue",H,Lu
212,female,Lucy,T,Resch
213,male,Jie,L,Wang
214,female,"Hui Ying",C,Wan
215,male,Shaiming,Y,Mai
216,female,"Chan Juan",S,Tao
217,female,Yan,G,Peng
218,female,Yuan,Q,Chao
219,male,Yuan,Y,Tan
220,female,Kate,C,Poynton
221,male,Xavier,M,Glenelg
222,female,Alicia,O,Edmund
223,male,Ning,J,Kung
224,male,Timothy,E,Ewing
225,female,Cui,J,Chou
226,male,Anthony,T,Kent
227,male,Jie,M,Jen
228,female,Abigail,M,Chidley
229,male,Dominic,L,Sowden
230,female,Yuan,T,Kang
231,female,Mia,E,Lennox
232,female,"Li Qin",S,Chao
233,female,Chan,C,Yin
234,female,Xiu,G,Teng
235,female,Ni,X,Hsueh
236,female,Lily,J,Cannan
237,female,Hui,M,Lai
238,female,Zhen,X,Mao
239,male,Julian,K,Macdougall
240,male,Noah,P,Tighe
241,female,Hayley,I,Sherrard
242,female,Ava,B,Dodery
243,male,You,Y,Jen
244,female,"Xia He",H,Huang
245,female,"Li Wei",D,Li
246,female,Chan,J,Kuo
247,male,De,D,Lei
248,female,Natasha,W,Adey
249,female,Jiao,S,Chang
250,female,Abby,E,Mennell
251,female,Mee,Y,Tai
252,male,Jesse,A,Loewe
253,male,Tyler,H,Cottee
254,female,Abby,B,Burke
255,female,"Yue You",C,Liang
256,male,Blake,I,Prenzel
257,female,Cui,C,Hao
258,male,Archer,A,Pemulwuy
259,male,Hsin,Z,Niu
260,male,Yong,R,Chuang
261,female,Feng,S,Tung
262,male,Ning,X,Peng
263,female,Isabelle,J,Magarey
264,male,Hayden,E,Hackett
265,female,Skye,J,Sweet
266,female,Ping,T,Tai
267,female,Ni,C,Shen
268,male,Wu,M,Yuan
269,male,Samuel,E,Fitchett
270,female,Zi,W,Tsou
271,male,Matthew,L,Gyles
272,female,"Xue Fang",C,Feng
273,male,Kuan-Yin,G,Fan
274,female,Stella,C,Weld
275,female,Savannah,R,O'Loughlin
276,male,Peng,J,Hsing
277,male,On,F,Ting
278,female,Park,Q,Shen
279,female,Lily,C,Whittingham
280,male,Mitchell,J,Pigot
281,female,"Yue Yan",N,Yu
282,male,James,A,Payten
283,female,Lian,W,Sun
284,male,Caleb,M,Keldie
285,female,Holly,L,Korff
286,male,Brodie,S,Kilfoyle
287,male,Jake,E,Gorman
288,male,Ryder,A,Fanny
289,male,Sebastian,C,"Chin Kaw"
290,male,Jamie,K,Keats
291,female,Katie,L,Olsen
292,male,Christian,B,Day
293,male,Brayden,B,Bunny
294,male,Flynn,M,Iredale
295,female,Ni,F,Tung
296,male,Lok,C,Wang
297,female,Jasmine,M,Westall
298,female,Yi,S,Chao
299,male,Shen,C,Lu
300,male,Aaron,C,Moses
301,female,Mingmei,G,Tan
302,male,Kong,Y,Lu
303,female,Xiuxiu,T,Shen
304,male,Jett,S,Hayter
305,male,Archer,A,Siddins
306,female,Ellie,N,Bainton
307,male,Jie,Y,Peng
308,male,William,S,Torode
309,female,"Jiang Li",J,Niu
310,female,Scarlett,C,Stawell
311,male,Oscar,A,Humphrey
312,male,Cong,M,Chiu
313,female,Sienna,A,Julius
314,female,"Li Na",W,Chin
315,male,Qiang,S,Tang
316,female,Eva,J,Post
317,female,Kate,E,Lawry
318,male,Daniel,I,Scullin
319,female,Abigail,S,Turner
320,female,Annabelle,O,O'Hara
321,female,Jade,Z,Cumberlege
322,male,Park,Y,Tsui
323,male,Luca,C,Ashby
324,male,Oliver,S,Arthur
325,male,Li,N,Kang
326,male,Dylan,P,Fidler
327,female,Mee,F,Yu
328,male,Logan,V,Mault
329,female,Cai,G,Chia
330,female,Gabriella,E,Fosbery
331,female,Skye,C,Ratten
332,female,Alica,A,Aarons
333,female,Wan,C,Li
334,female,Wen,D,Wei
335,male,Michael,B,McBurney
336,male,Sun,F,Fang
337,female,Sienna,A,Weir
338,female,"Hui Ying",P,Chen
339,male,An,L,Hsu
340,male,Aaron,J,Challinor
341,female,Kate,J,Manchee
342,male,Song,X,Kuo
343,female,Abigail,L,Stott
344,female,Anna,N,Viney
345,male,Cooper,L,Dixson
346,male,Park,M,Yang
347,male,Shaiming,S,Tung
348,female,Qiong,C,Liu
349,female,Bella,J,Lesina
350,female,Gabrielle,A,Allum
351,male,Justin,P,Harington
352,male,Cheng,H,Kang
353,male,Adam,M,Stuckey
354,female,"Lin Yao",G,Chung
355,male,Samuel,A,Scaddan
356,female,Chang,Y,Ho
357,female,Tahlia,R,Beach
358,female,"Li Ming",M,Tung
359,female,Zhu,S,Chung
360,male,Rory,L,O'Bryan
361,male,Alexander,B,Troup
362,female,Park,Y,Tien
363,male,Chi,Y,Pan
364,male,Sean,K,"De Gruchy"
365,female,Mackenzie,C,Ewart
366,female,Abbey,G,Baldessin
367,female,Lan,J,Fang
368,female,Jorja,J,Grimshaw
369,male,Zachary,B,O'Neil
370,male,Park,H,Hsia
371,male,Callum,B,Beeby
372,male,Kang,D,Tang
373,female,Sophie,G,Elliott
374,male,David,G,Crommelin
375,female,"Xiao Hong",J,Kang
376,male,Brayden,C,Bannister
377,male,Jasper,S,Lammon
378,male,Wu,L,Ho
379,female,Da-Xia,J,Peng
380,female,Gemma,M,Haynes
381,male,Fai,H,Yuan
382,male,Yul,H,Huang
383,female,"Li Qin",K,Ni
384,male,Wang,H,Fan
385,male,Manchu,B,Hsia
386,female,Ai,X,Chung
387,female,Isla,J,Maclurcan
388,male,Leo,A,Richard
389,male,Chung,H,Tung
390,male,Chan,X,Yuan
391,female,Lily,L,Huxley
392,female,Xiuxiu,M,Tu
393,male,Thomas,E,Keaney
394,female,Angelina,C,Kieran
395,male,Yi,X,Tang
396,female,Alannah,B,Lowerson
397,female,Lin,C,Feng
398,male,Jeremy,Z,Truscott
399,male,Ho,X,Chien
400,male,Chi,Y,Chu
401,male,Tao,L,Yao
402,male,Ethan,E,Childers
403,female,"Yi Min",L,Yin
404,female,Dan,S,Li
405,female,Zi,H,Sung
406,female,"Huan Yue",G,Fan
407,female,Lian,M,Chang
408,male,Tain,M,Liao
409,male,Jasper,M,Crisp
410,male,Xiong,S,Yuan
411,female,Fang,K,Pan
412,female,Keira,T,Geils
413,male,Alex,R,Niland
414,female,Dan,Y,Tien
415,male,Wen,D,Ma
416,male,Wen,L,Wan
417,male,Sying,W,Tan
418,female,Elizabeth,J,Scarfe
419,female,Donglu,D,Tuan
420,male,On,M,He
421,female,Na,Y,Chien
422,female,Xiu,Y,Huang
423,female,Yun,F,Tao
424,male,Shi,P,Peng
425,female,Lixue,C,Ke
426,female,Genji,H,He
427,male,Kang,W,Peng
428,female,Ting,X,Wu
429,female,Leah,J,Zeal
430,male,Joseph,A,Arabanoo
431,female,Erin,A,Barff
432,female,Fen,C,Chuang
433,male,Jeremy,Z,Muecke
434,female,Brianna,Z,Connell
435,female,Ju,K,Mao
436,female,Ting,K,Lu
437,female,Dakota,L,Trenwith
438,female,Wei,L,Yu
439,male,Cong,Y,Lai
440,female,"Hui Ying",B,Ke
441,male,Sean,K,Fetherston
442,male,Shen,L,Kuo
443,male,Wang,G,Tao
444,male,Hunter,I,Ardill
445,male,Oliver,L,Moysey
446,female,Jade,O,Hincks
447,female,Gabrielle,J,Isaacson
448,male,Jordan,C,Larnach
449,male,James,S,Willoughby
450,male,Joshua,A,Wallis
451,male,Yuan,L,Fang
452,female,Yu,L,Lo
453,male,Dong,C,Yuan
454,male,Bailey,C,Vida
455,female,Georgia,T,Wayn
456,female,Alica,R,Joyce
457,male,Wei,Z,Niu
458,male,Michael,C,Chisholm
459,female,Shuang,D,Kang
460,male,Matthew,B,Outhwaite
461,female,"Chan Juan",A,Chien
462,male,Chung,L,Chien
463,male,Wang,S,Hsing
464,male,De,N,Tan
465,female,Bao,C,Lo
466,male,Hudson,M,Crook
467,female,Samantha,W,Groom
468,male,Elijah,D,Wilsmore
469,male,Wen,X,Yin
470,female,Shan,L,Chao
471,female,"Qing Yuan",L,Jen
472,male,Cheng,Q,Sun
473,female,Yuan,W,Lu
474,female,Kiara,N,Pelloe
475,male,Charles,K,Nicol
476,female,Lee,C,Shao
477,female,Maya,E,Vallis
478,female,Mary,C,Drew
479,female,Shuang,S,Lu
480,male,Gang,M,Hu
481,female,Gemma,H,Muriel
482,male,Hu,L,Shen
483,male,Austin,A,Wilkie
484,female,Gabriella,J,Longmore
485,female,Fang,Q,Hsieh
486,male,Levi,M,Heales
487,male,Zachary,K,Hoy
488,male,Brodie,L,Gentile
489,female,Xiang,M,Hsueh
490,male,Levi,A,Denehy
491,female,Xia,Y,Chuang
492,male,Nate,A,Worrall
493,female,"Xiu Juan",M,Yuan
494,female,Amelie,H,Magarey
495,male,Joel,M,Keane
496,female,Hannah,C,Whiddon
497,female,Alicia,S,Houlding
498,female,Mackenzie,J,Belcher
499,male,Jamie,C,Whittingham
500,female,"Yi Jie",J,Shih
